Domain,Status,Attractiveness,Demand,Length,Sectors,Created,Expires,Registrar
one.center,expiring,132,43%,3,"Business,General,Media,Technology",13/09/2024 15:15,13/09/2025 15:15,"Sav.com, LLC - 34"
brief.center,available,124,19%,5,"Business,Education,General,Law",,,
complete.center,available,120,21%,8,"Manufacturing,Retail,Technology",,,
tenth.center,available,116,7%,5,Mathematics,,,
equal.center,available,116,19%,5,"Education,General,Law",,,
tonic.center,available,114,22%,5,"Health and Fitness,Medicine,Science",,,
hotshot.center,available,112,14%,7,"Business,Entertainment,Sports",,,
above.center,available,112,22%,5,Business,,,
abstract.center,available,108,29%,8,"Arts,Humanities,Science",,,
active.center,resell,104,27%,6,"Health and Fitness,Sports,Travel",31/03/2020 12:06,31/03/2026 12:06,"DNSPod, Inc."
expert.center,expiring,104,26%,6,"Business,Education,Technology",06/09/2022 13:15,06/09/2025 13:15,"Sav.com, LLC - 8"
teen.center,resell,104,14%,4,"Education,Entertainment,Healthcare",19/03/2014 16:52,19/03/2026 16:52,"GoDaddy.com, LLC"
eight.center,available,102,23%,5,"General,Mathematics",,,
absent.center,available,102,8%,6,"Business,Education,Technology",,,
captive.center,available,102,14%,7,"Entertainment,Hospitality,Technology",,,
remove.center,available,100,13%,6,"Construction,Manufacturing,Technology",,,
whiz.center,expired,100,12%,4,"Business,Education,Technology",24/06/2024 08:21,24/06/2025 08:21,Domain Science Kutatási Szolgáltató Korlátolt Felelősségű Társaság
adjunct.center,available,100,5%,7,Education,,,
crack.center,expiring,100,20%,5,Sports,18/08/2024 03:15,18/08/2025 03:15,"HOSTINGER operations, UAB"
ninth.center,available,100,9%,5,Mathematics,,,
eighth.center,available,100,6%,6,Mathematics,,,
third.center,expiring,100,15%,5,Mathematics,14/09/2024 12:47,14/09/2025 12:47,Alibaba Cloud Computing Ltd. d/b/a HiChina (www.net.cn)
abrupt.center,available,100,3%,6,"Medicine,Science",,,
sixth.center,available,100,8%,5,Mathematics,,,
whizz.center,available,98,11%,5,"Business,Education,Technology",,,
alamode.center,available,96,12%,9,Fashion,,,
doable.center,available,96,9%,6,"Business,Education,Technology",,,
actual.center,available,96,22%,6,"Real Estate,Retail,Technology",,,
academic.center,available,96,20%,8,"Education,Humanities,Science",,,
abject.center,available,94,7%,6,Humanities,,,
about.center,available,94,28%,5,"Business,General,Media,Technology",,,
adequate.center,available,94,9%,8,"Education,Healthcare,Technology",,,
virtuoso.center,available,94,16%,8,"Arts,Entertainment",,,
exemplary.center,available,92,5%,9,"Business,Education,Healthcare",,,
adjective.center,available,92,5%,9,Education,,,
abroad.center,available,92,12%,6,"Hospitality,Travel",,,
nought.center,available,92,4%,6,Mathematics,,,
derelict.center,available,92,7%,8,"Construction,Real Estate",,,
next.center,resell,92,43%,4,"Retail,Technology,Transportation",25/04/2020 23:19,25/04/2026 23:19,"Chengdu West Dimension Digital Technology Co., Ltd."
twentieth.center,available,92,3%,9,Mathematics,,,
adoring.center,available,90,2%,7,"Entertainment,Fashion,Retail",,,
gripping.center,available,90,3%,8,"Entertainment,Media,Technology",,,
addictive.center,available,90,9%,9,Healthcare,,,
abortive.center,available,90,1%,8,"Medicine,Science",,,
riveting.center,available,90,6%,8,"Entertainment,Media,Technology",,,
leash.center,available,90,7%,5,"General,Health and Fitness,Retail",,,
additional.center,available,90,8%,10,"Fashion,Retail,Technology",,,
endearing.center,available,90,1%,9,"Entertainment,Fashion,Retail",,,
hundred.center,available,88,13%,7,Mathematics,,,
ace.center,available,88,34%,3,Sports,,,
activist.center,available,88,12%,8,"Humanities,Politics",,,
adlib.center,available,88,7%,6,Entertainment,,,
twelve.center,available,88,18%,6,"General,Mathematics",,,
fifteen.center,available,88,13%,7,Mathematics,,,
proficient.center,available,88,8%,10,"Education,Health and Fitness,Sports",,,
sixteen.center,available,88,10%,7,Mathematics,,,
wide.center,available,88,18%,4,"Business,Media,Technology",,,
engrossing.center,available,86,0%,10,"Entertainment,Media,Technology",,,
star.center,resell,86,40%,4,"Entertainment,Media,Sports",11/12/2019 23:48,11/12/2025 23:48,Dynadot Inc
xiv.center,available,86,12%,3,Mathematics,,,
xix.center,available,86,10%,3,Mathematics,,,
recondite.center,available,86,4%,9,"Arts,Humanities,Science",,,
adolescent.center,available,86,3%,10,"Education,Entertainment,Healthcare",,,
attendant.center,available,86,5%,9,"Healthcare,Hospitality,Transportation",,,
cipher.center,available,86,29%,6,Mathematics,,,
extempore.center,available,86,3%,9,Entertainment,,,
twentyone.center,available,84,13%,10,Mathematics,,,
deviate.center,available,84,12%,7,"Medicine,Science",,,
accessory.center,available,84,8%,9,"Fashion,Retail,Technology",,,
twentytwo.center,available,84,10%,10,Mathematics,,,
adjustable.center,available,84,3%,10,"Manufacturing,Retail,Technology",,,
sharp.center,resell,84,34%,5,"Arts,Fashion",15/01/2024 15:15,15/01/2026 15:15,"Chengdu West Dimension Digital Technology Co., Ltd."
thirteen.center,available,84,10%,8,Mathematics,,,
acting.center,available,84,12%,6,Entertainment,,,
seventeen.center,available,84,7%,9,Mathematics,,,
nineteen.center,available,84,8%,8,Mathematics,,,
fourteen.center,available,84,8%,8,Mathematics,,,
thousand.center,available,84,8%,8,Mathematics,,,
grand.center,expiring,84,25%,5,"Finance,General",02/09/2023 15:15,02/09/2025 15:15,"Chengdu West Dimension Digital Technology Co., Ltd."
dozen.center,available,82,10%,5,Mathematics,,,
abdominal.center,available,82,1%,9,"Health and Fitness,Medicine",,,
enduring.center,available,82,9%,8,"Health and Fitness,Religion",,,
fivesome.center,available,82,1%,8,Sports,,,
abenaki.center,available,82,2%,7,Geography,,,
absorbent.center,available,82,3%,9,"Healthcare,Manufacturing,Retail",,,
abkhaz.center,available,82,1%,6,Geography,,,
good.center,resell,82,47%,4,"Food and Beverage,General,Health and Fitness,Retail",05/06/2023 15:15,05/06/2031 15:15,Automattic Inc.
cleansing.center,available,82,3%,9,Health and Fitness,,,
altered.center,available,82,9%,7,"Medicine,Science",,,
decade.center,available,82,10%,6,Mathematics,,,
abroach.center,available,82,1%,7,Food and Beverage,,,
worshipful.center,available,80,1%,10,"Education,Healthcare,Religion",,,
first.center,resell,80,34%,5,"General,Mathematics",06/06/2019 10:48,06/06/2026 10:48,"DNSPod, Inc."
absurd.center,available,80,16%,6,"Arts,Entertainment,Media",,,
sequent.center,available,80,7%,7,"Healthcare,Insurance,Transportation",,,
adoptable.center,available,80,3%,9,"Education,Healthcare",,,
wiz.center,available,80,30%,3,"Business,Education,Technology",,,
abundant.center,available,80,19%,8,"Agriculture,Manufacturing,Retail",,,
seventh.center,available,80,10%,7,Mathematics,,,
able.center,resell,80,29%,4,"Business,Education,General,Technology",07/06/2025 15:15,07/06/2026 15:15,"Sav.com, LLC - 38"
absorbable.center,available,80,0%,10,"Healthcare,Pharmaceuticals,Science",,,
superstar.center,available,80,18%,9,Entertainment,,,
capable.center,available,80,12%,7,"Business,Education,Technology",,,
dorsal.center,available,80,6%,6,"Medicine,Science",,,
forty.center,available,80,9%,5,Mathematics,,,
absolute.center,resell,80,25%,8,"Engineering,Mathematics,Science",19/03/2014 16:00,19/03/2026 16:00,"GoDaddy.com, LLC"
twenty.center,available,80,12%,6,Mathematics,,,
honestly.center,available,78,9%,8,"Business,Law",,,
accidental.center,available,78,11%,10,"Healthcare,Insurance,Transportation",,,
twentysix.center,available,78,8%,10,Mathematics,,,
acceptable.center,available,78,5%,10,"Business,Hospitality,Retail",,,
abkhazian.center,available,78,1%,9,Geography,,,
adorable.center,available,78,8%,8,"Entertainment,Fashion,Retail",,,
dormant.center,available,78,4%,7,"Medicine,Science",,,
accepted.center,available,78,6%,8,"Business,Education,Technology",,,
absorptive.center,available,78,1%,10,"Healthcare,Manufacturing,Retail",,,
sixtynine.center,available,78,8%,10,Mathematics,,,
recognized.center,available,78,3%,10,"Business,Education,Technology",,,
adjacent.center,available,78,9%,8,"Construction,Real Estate,Retail",,,
acceptant.center,available,78,1%,9,"Education,Healthcare",,,
abkhasian.center,available,78,1%,9,Geography,,,
abounding.center,available,78,2%,9,Agriculture,,,
recognised.center,available,78,3%,10,"Business,Education,Technology",,,
adrenal.center,available,78,4%,7,"Education,Healthcare,Science",,,
auxiliary.center,available,76,7%,9,"Healthcare,Manufacturing,Technology",,,
thirteenth.center,available,76,3%,10,Mathematics,,,
fourteenth.center,available,76,2%,10,Mathematics,,,
improvise.center,available,76,4%,9,Entertainment,,,
eighteen.center,available,76,7%,8,Mathematics,,,
energizing.center,available,76,3%,10,"Food and Beverage,Health and Fitness,Travel",,,
thousandth.center,available,76,1%,10,Mathematics,,,
addable.center,available,76,2%,7,"Engineering,Mathematics,Science",,,
adipose.center,available,76,2%,7,"Healthcare,Science",,,
ventral.center,available,76,3%,7,Science,,,
resultant.center,available,76,2%,9,"Healthcare,Insurance,Transportation",,,
firstrate.center,available,76,6%,10,Business,,,
diamond.center,resell,76,32%,7,Fashion,17/02/2023 15:15,17/02/2026 15:15,"Xiamen ChinaSource Internet Service Co., Ltd"
adhesive.center,available,76,7%,8,"Construction,Manufacturing,Technology",,,
fifteenth.center,available,76,2%,9,Mathematics,,,
ancillary.center,available,76,6%,9,"Healthcare,Manufacturing,Technology",,,
adaptable.center,available,76,9%,9,"Business,Education,Technology",,,
threed.center,available,76,7%,7,Technology,,,
ague.center,available,76,2%,4,"Geography,Medicine,Science",,,
nineteenth.center,available,76,3%,10,Mathematics,,,
incidental.center,available,76,4%,10,"Healthcare,Insurance,Transportation",,,
obscene.center,available,76,5%,7,"Entertainment,Media",,,
adherent.center,available,76,4%,8,"Politics,Religion",,,
hundredth.center,available,76,1%,9,Mathematics,,,
acoustic.center,available,76,14%,8,Science,,,
adrenergic.center,available,74,1%,10,"Education,Healthcare,Science",,,
adenoid.center,available,74,1%,7,"Health and Fitness,Medicine,Science",,,
playing.center,available,74,12%,7,Entertainment,,,
abnormal.center,available,74,16%,8,"Medicine,Science",,,
aberrant.center,available,74,6%,8,"Medicine,Science",,,
realizable.center,available,74,1%,10,"Business,Education,Technology",,,
activated.center,available,74,9%,9,"Healthcare,Manufacturing,Technology",,,
mavin.center,available,74,7%,5,"Entertainment,Fashion,Technology",,,
manageable.center,available,74,4%,10,"Business,Education,Technology",,,
acuate.center,available,74,2%,6,"Engineering,Medicine,Science",,,
admirable.center,available,74,5%,9,"Business,Education,Healthcare",,,
sensation.center,available,74,7%,9,"Entertainment,Media,Sports",,,
adamant.center,available,74,14%,7,Religion,,,
skilful.center,available,74,3%,7,"Education,Health and Fitness,Sports",,,
accepting.center,available,74,3%,9,"Education,Healthcare",,,
adapted.center,available,74,6%,7,"Healthcare,Manufacturing,Technology",,,
achievable.center,available,74,4%,10,"Business,Education,Technology",,,
cleared.center,available,74,7%,7,"Healthcare,Law,Transportation",,,
seventieth.center,available,72,1%,10,Mathematics,,,
abloom.center,available,72,5%,6,Agriculture,,,
deep.center,resell,72,41%,4,"Engineering,Mathematics,Science",20/05/2020 09:42,20/05/2026 09:42,Alibaba Cloud Computing Ltd. d/b/a HiChina (www.net.cn)
ninetieth.center,available,72,1%,9,Mathematics,,,
existent.center,available,72,3%,8,"Mathematics,Science",,,
abreast.center,available,72,2%,7,"Business,Technology",,,
aching.center,available,72,4%,6,Healthcare,,,
trinity.center,available,72,18%,7,Religion,,,
improvize.center,available,72,1%,9,Entertainment,,,
ternary.center,available,72,7%,7,Mathematics,,,
adjectival.center,available,72,1%,10,Education,,,
adaptative.center,available,72,1%,10,"Business,Education,Technology",,,
adiabatic.center,available,72,3%,9,"Engineering,Science",,,
trey.center,available,72,13%,4,Sports,,,
absorbed.center,available,72,2%,8,"Entertainment,Media,Technology",,,
absolutist.center,available,72,1%,10,"Humanities,Law,Politics",,,
adjunctive.center,available,72,1%,10,"Healthcare,Manufacturing,Technology",,,
adonic.center,available,72,2%,6,"Arts,Education,Entertainment",,,
engrossed.center,available,72,1%,9,"Entertainment,Media,Technology",,,
accusative.center,available,72,0%,10,"Humanities,Law",,,
ablaze.center,available,72,6%,6,Entertainment,,,
eightieth.center,available,72,1%,9,Mathematics,,,
champion.center,resell,72,28%,8,"Entertainment,Health and Fitness,Sports",02/06/2018 21:24,02/06/2026 21:24,"Xiamen ChinaSource Internet Service Co., Ltd"
accustomed.center,available,72,1%,10,"Business,Education,Humanities",,,
sixtieth.center,available,72,1%,8,Mathematics,,,
addicted.center,available,72,9%,8,Healthcare,,,
lowdown.center,available,70,6%,8,"Entertainment,Media",,,
adored.center,available,70,6%,6,"Entertainment,Fashion,Retail",,,
practiced.center,available,70,3%,9,"Education,Health and Fitness,Sports",,,
admired.center,available,70,5%,7,"Business,Education,Healthcare",,,
gymnastic.center,available,70,3%,9,"Entertainment,Sports",,,
stillborn.center,available,70,2%,9,"Medicine,Science",,,
unity.center,resell,70,38%,5,Mathematics,31/03/2020 08:49,31/03/2026 08:49,"DNSPod, Inc."
recumbent.center,available,70,2%,9,"Healthcare,Medicine,Science",,,
skillful.center,available,70,9%,8,"Education,Health and Fitness,Sports",,,
miserable.center,available,70,4%,9,Humanities,,,
accumbent.center,available,70,1%,9,"Healthcare,Medicine,Science",,,
absorbing.center,available,70,3%,9,"Entertainment,Media,Technology",,,
adjusted.center,available,70,5%,8,"Manufacturing,Retail,Technology",,,
offhand.center,available,70,2%,7,Entertainment,,,
abulic.center,available,70,1%,6,Medicine,,,
acuminate.center,available,70,1%,9,"Engineering,Medicine,Science",,,
consequent.center,available,70,3%,10,"Business,Education,General,Technology",,,
abradant.center,available,70,1%,8,"Construction,Manufacturing",,,
adamantine.center,available,70,4%,10,Religion,,,
threesome.center,available,68,5%,9,Entertainment,,,
vindicated.center,available,68,2%,10,"Humanities,Law,Politics",,,
fiftieth.center,available,68,1%,8,Mathematics,,,
ane.center,available,68,12%,3,Mathematics,,,
achaian.center,available,68,2%,7,Humanities,,,
activating.center,available,68,3%,10,"Healthcare,Manufacturing,Technology",,,
aroused.center,available,68,3%,7,"Entertainment,Health and Fitness",,,
accredited.center,available,68,9%,10,"Business,Education,Healthcare",,,
licensed.center,available,68,5%,8,"Business,Healthcare,Insurance",,,
foursome.center,available,68,4%,8,Sports,,,
decorated.center,available,68,3%,9,"Entertainment,Fashion,Retail",,,
abkhas.center,available,68,0%,6,Geography,,,
scurvy.center,available,68,3%,6,Humanities,,,
septenary.center,available,68,2%,9,Mathematics,,,
licenced.center,available,68,2%,8,"Business,Healthcare,Insurance",,,
fortieth.center,available,68,1%,8,Mathematics,,,
sevener.center,available,68,1%,7,Mathematics,,,
ablative.center,available,68,3%,8,Science,,,
achaean.center,available,68,2%,7,Humanities,,,
stygian.center,available,68,5%,7,Humanities,,,
overseas.center,available,68,12%,8,"Hospitality,Travel",,,
thirtieth.center,available,68,1%,9,Mathematics,,,
abducent.center,available,68,0%,8,Medicine,,,
abnaki.center,available,68,1%,6,Geography,,,
octonary.center,available,68,1%,8,Mathematics,,,
aberdonian.center,available,68,1%,10,Geography,,,
aculeate.center,available,68,1%,8,"Engineering,Medicine,Science",,,
ennead.center,available,68,5%,6,Mathematics,,,
acerate.center,available,68,1%,7,Science,,,
acervate.center,available,66,1%,8,Science,,,
xxii.center,available,66,6%,4,Mathematics,,,
abstinent.center,available,66,1%,9,"Health and Fitness,Religion",,,
fifty.center,available,66,13%,5,Mathematics,,,
teenager.center,available,66,4%,8,"Education,Entertainment,Healthcare",,,
exonerated.center,available,66,2%,10,"Humanities,Law,Politics",,,
acappella.center,available,66,6%,10,Entertainment,,,
onec.center,available,66,6%,5,Mathematics,,,
deuce.center,available,66,8%,5,Sports,,,
performing.center,available,66,6%,10,Entertainment,,,
xviii.center,available,66,4%,5,Mathematics,,,
xvi.center,available,66,4%,3,Mathematics,,,
xxi.center,available,66,10%,3,Mathematics,,,
modish.center,available,66,5%,6,Fashion,,,
clv.center,available,66,10%,3,Mathematics,,,
eighty.center,available,66,6%,6,Mathematics,,,
sextet.center,available,66,2%,6,Entertainment,,,
ninety.center,available,66,11%,6,Mathematics,,,
tenner.center,available,66,4%,6,Finance,,,
six.center,resell,66,26%,3,Mathematics,12/03/2025 17:01,12/03/2026 17:01,Dynadot Inc
accessary.center,available,66,1%,9,"Business,Law,Technology",,,
thirty.center,available,66,7%,6,Mathematics,,,
century.center,resell,66,17%,7,Education,10/03/2019 03:54,10/03/2026 03:54,"Chengdu West Dimension Digital Technology Co., Ltd."
latest.center,available,66,18%,6,Technology,,,
four.center,available,66,27%,4,Mathematics,,,
buzzing.center,available,66,7%,7,"Entertainment,Media,Technology",,,
xiii.center,available,66,9%,4,Mathematics,,,
adorned.center,available,66,5%,7,"Entertainment,Fashion,Retail",,,
xxv.center,available,66,6%,3,Mathematics,,,
xvii.center,available,66,5%,4,Mathematics,,,
xxvi.center,available,66,3%,4,Mathematics,,,
according.center,available,66,3%,9,"Business,Education,Technology",,,
adopted.center,available,66,4%,7,"Education,Healthcare",,,
acrobatic.center,available,66,4%,9,"Entertainment,Sports",,,
scatty.center,available,64,1%,6,"Arts,Entertainment,Media",,,
rising.center,available,64,18%,6,"Construction,Manufacturing,Real Estate",,,
absolved.center,available,64,1%,8,"Humanities,Law,Religion",,,
acentric.center,available,64,2%,8,Science,,,
adagio.center,available,64,14%,6,Entertainment,,,
ccc.center,expiring,64,38%,3,Mathematics,11/09/2019 09:11,11/09/2025 09:11,OVH SAS
aflame.center,available,64,3%,6,Entertainment,,,
nondrinker.center,available,64,1%,10,"Health and Fitness,Religion",,,
deviant.center,available,64,12%,7,"Medicine,Science",,,
astringent.center,available,64,1%,10,"Healthcare,Pharmaceuticals",,,
accordant.center,available,64,3%,9,"Arts,Entertainment",,,
troika.center,available,62,8%,6,Politics,,,
orso.center,available,62,9%,5,"Business,Media,Technology",,,
activistic.center,available,62,1%,10,"Humanities,Politics",,,
cumulative.center,available,62,2%,10,"Banking,Finance,Insurance",,,
admissible.center,available,62,1%,10,"Education,Healthcare,Law",,,
longdozen.center,available,62,1%,10,Mathematics,,,
sixteenth.center,available,62,1%,9,Mathematics,,,
accrued.center,available,62,2%,7,"Banking,Finance,Insurance",,,
aufait.center,available,62,3%,7,"Fashion,Media",,,
accusing.center,available,62,1%,8,Law,,,
roughly.center,available,62,3%,7,"Business,Media,Technology",,,
exculpated.center,available,62,1%,10,"Humanities,Law,Politics",,,
playacting.center,available,62,1%,10,Entertainment,,,
fortyfour.center,available,62,6%,10,Mathematics,,,
acidic.center,available,62,5%,6,"Food and Beverage,Science",,,
nail.center,resell,62,16%,4,"Construction,Fashion,General,Retail",08/09/2022 13:15,08/09/2026 13:15,"Chengdu West Dimension Digital Technology Co., Ltd."
eleventh.center,available,62,5%,8,Mathematics,,,
aborigine.center,available,62,1%,9,Humanities,,,
eighteenth.center,available,62,1%,10,Mathematics,,,
pungent.center,available,62,1%,7,Food and Beverage,,,
ensuant.center,available,62,1%,7,"Healthcare,Insurance,Transportation",,,
wrapped.center,available,62,13%,7,"Fashion,Hospitality,Retail",,,
adjuvant.center,available,62,5%,8,"Healthcare,Manufacturing,Technology",,,
abo.center,resell,62,15%,3,Science,13/05/2025 15:15,13/05/2026 15:15,Domain Science Kutatási Szolgáltató Korlátolt Felelősségű Társaság
adoptive.center,available,62,1%,8,"Education,Healthcare",,,
quartet.center,available,62,7%,7,"Arts,Entertainment",,,
chiliad.center,available,62,2%,7,Mathematics,,,
twodozen.center,available,62,1%,9,Mathematics,,,
cautionary.center,available,60,1%,10,"Business,Education,Healthcare",,,
annexal.center,available,60,1%,7,"Agriculture,Manufacturing,Retail",,,
abashed.center,available,60,1%,7,Humanities,,,
aboveboard.center,available,60,5%,10,"Business,Law",,,
thou.center,available,60,7%,4,Mathematics,,,
paunchy.center,available,60,0%,7,"Health and Fitness,Medicine",,,
cxx.center,available,60,9%,3,Mathematics,,,
clxv.center,available,60,1%,4,Mathematics,,,
adnate.center,available,60,1%,6,"Agriculture,Manufacturing,Retail",,,
abstemious.center,available,60,0%,10,"Food and Beverage,Health and Fitness,Hospitality",,,
cxxv.center,available,60,1%,4,Mathematics,,,
octet.center,available,60,12%,5,Arts,,,
clxx.center,available,60,2%,4,Mathematics,,,
idolised.center,available,60,1%,8,"Entertainment,Fashion,Retail",,,
sixty.center,available,60,13%,5,Mathematics,,,
xcl.center,available,60,5%,3,Mathematics,,,
cxxxv.center,available,60,1%,5,Mathematics,,,
clxxx.center,available,60,1%,5,Mathematics,,,
acceptive.center,available,60,1%,9,"Education,Healthcare",,,
cxlv.center,available,60,2%,4,Mathematics,,,
abstainer.center,available,60,0%,9,"Health and Fitness,Religion",,,
tertiary.center,available,60,4%,8,Education,,,
adnexal.center,available,60,1%,7,"Agriculture,Manufacturing,Retail",,,
eightysix.center,available,60,7%,10,Mathematics,,,
clx.center,available,60,8%,3,Mathematics,,,
idolized.center,available,60,3%,8,"Entertainment,Fashion,Retail",,,
clxxv.center,available,60,1%,5,Mathematics,,,
cxv.center,available,60,4%,3,Mathematics,,,
cxxx.center,available,60,3%,4,Mathematics,,,
tercet.center,available,59,2%,6,"Arts,Entertainment,Media",,,
lxxviii.center,available,58,1%,7,Mathematics,,,
fourscore.center,available,58,4%,9,Mathematics,,,
enwrapped.center,available,58,0%,9,"Entertainment,Fashion,Media",,,
fourth.center,available,58,13%,6,Mathematics,,,
offhanded.center,available,58,1%,9,Entertainment,,,
lxxx.center,available,58,2%,4,Mathematics,,,
acetic.center,available,58,1%,6,"Food and Beverage,Science",,,
abandoned.center,available,58,10%,9,"Construction,Real Estate",,,
adjustive.center,available,58,1%,9,"Manufacturing,Retail,Technology",,,
sextuplet.center,available,58,1%,9,Healthcare,,,
justabout.center,available,58,3%,10,"Business,Media,Technology",,,
super.center,resell,58,47%,5,Business,16/03/2014 16:00,16/03/2026 16:00,"GoDaddy.com, LLC"
addressed.center,available,58,3%,9,"Business,Technology,Telecommunications",,,
seventy.center,available,58,7%,7,Mathematics,,,
abridged.center,available,58,4%,8,Media,,,
hexad.center,available,58,5%,5,Mathematics,,,
accretive.center,available,58,6%,9,"Banking,Finance,Insurance",,,
sixer.center,available,58,5%,5,Sports,,,
eighter.center,available,58,2%,7,Mathematics,,,
sixtyone.center,available,58,5%,9,Mathematics,,,
pentad.center,available,58,3%,6,Mathematics,,,
actuarial.center,available,58,8%,9,"Finance,Insurance,Mathematics",,,
closeto.center,available,58,3%,8,"Business,Media,Technology",,,
heptad.center,available,58,2%,6,Mathematics,,,
quintet.center,available,58,8%,7,"Arts,Entertainment",,,
addible.center,available,58,2%,7,"Engineering,Mathematics,Science",,,
abuzz.center,available,58,5%,5,"Entertainment,Media,Technology",,,
niner.center,available,58,5%,5,Mathematics,,,
twelfth.center,available,58,2%,7,Mathematics,,,
alacarte.center,available,58,11%,10,Food and Beverage,,,
ache.center,available,58,7%,4,Healthcare,,,
tetrad.center,available,58,5%,6,Mathematics,,,
acyclic.center,available,58,4%,7,"Engineering,Mathematics,Science",,,
octad.center,available,58,5%,5,Mathematics,,,
aucourant.center,available,58,3%,10,"Fashion,Media",,,
adient.center,available,58,4%,6,"Medicine,Science",,,
abused.center,available,58,5%,6,"Healthcare,Law",,,
linear.center,available,58,22%,6,"Engineering,Mathematics,Science",,,
accoutred.center,available,58,1%,9,"Fashion,Manufacturing,Retail",,,
fifth.center,available,58,12%,5,Mathematics,,,
accented.center,available,58,3%,8,"Arts,Entertainment",,,
centesimal.center,available,58,1%,10,Mathematics,,,
abeyant.center,available,56,1%,7,"Business,Law",,,
accoutered.center,available,56,0%,10,"Fashion,Manufacturing,Retail",,,
fiftynine.center,available,56,4%,10,Mathematics,,,
fortyone.center,available,56,5%,9,Mathematics,,,
fiftyfour.center,available,56,4%,10,Mathematics,,,
potbellied.center,available,56,0%,10,"Health and Fitness,Medicine",,,
fortysix.center,available,56,4%,9,Mathematics,,,
xlvii.center,available,56,2%,5,Mathematics,,,
aone.center,available,56,15%,5,Food and Beverage,,,
lviii.center,available,56,1%,5,Mathematics,,,
terzetto.center,available,56,3%,8,Arts,,,
ilx.center,available,56,6%,3,Mathematics,,,
xxxiii.center,available,56,2%,6,Mathematics,,,
maledict.center,available,56,1%,8,Religion,,,
liii.center,available,56,4%,4,Mathematics,,,
xxxvi.center,available,56,1%,5,Mathematics,,,
fiftyone.center,available,56,8%,9,Mathematics,,,
admittable.center,available,56,1%,10,"Education,Healthcare,Hospitality",,,
thirtysix.center,available,56,5%,10,Mathematics,,,
fortytwo.center,available,56,17%,9,Mathematics,,,
xlii.center,available,56,5%,4,Mathematics,,,
xxiii.center,available,56,4%,5,Mathematics,,,
triad.center,available,56,15%,5,Arts,,,
xxxviii.center,available,56,1%,7,Mathematics,,,
xxviii.center,available,56,1%,6,Mathematics,,,
appressed.center,available,56,0%,9,"Agriculture,Manufacturing,Retail",,,
xxiv.center,available,56,5%,4,Mathematics,,,
xxxiv.center,available,56,1%,5,Mathematics,,,
admittible.center,available,56,1%,10,"Education,Healthcare,Hospitality",,,
addled.center,available,56,2%,6,Entertainment,,,
lii.center,available,56,7%,3,Mathematics,,,
xlviii.center,available,56,1%,6,Mathematics,,,
xliv.center,available,56,3%,4,Mathematics,,,
fiftyfive.center,available,56,8%,10,Mathematics,,,
thirtytwo.center,available,56,4%,10,Mathematics,,,
fiftytwo.center,available,56,6%,9,Mathematics,,,
halfdozen.center,available,56,1%,10,Mathematics,,,
abdominous.center,available,56,0%,10,"Health and Fitness,Medicine",,,
xliii.center,available,56,1%,5,Mathematics,,,
xxxi.center,available,56,8%,4,Mathematics,,,
xlvi.center,available,56,3%,4,Mathematics,,,
xxix.center,available,56,4%,4,Mathematics,,,
fortynine.center,available,56,3%,10,Mathematics,,,
xxxv.center,available,56,4%,4,Mathematics,,,
xlv.center,available,56,6%,3,Mathematics,,,
xxxvii.center,available,56,2%,6,Mathematics,,,
xxxii.center,available,56,1%,5,Mathematics,,,
fiftysix.center,available,56,4%,9,Mathematics,,,
xli.center,available,56,5%,3,Mathematics,,,
admissive.center,available,56,1%,9,"Education,Healthcare,Hospitality",,,
thirtyone.center,available,56,4%,10,Mathematics,,,
lvii.center,available,56,2%,4,Mathematics,,,
xxvii.center,available,56,3%,5,Mathematics,,,
quaternity.center,available,54,4%,10,Mathematics,,,
acoustical.center,available,54,4%,10,Science,,,
quadruplet.center,available,54,1%,10,"Healthcare,Medicine,Science",,,
aboral.center,available,54,2%,6,Science,,,
admonitory.center,available,54,0%,10,"Business,Education,Healthcare",,,
adjuratory.center,available,54,0%,10,"Law,Politics,Religion",,,
threescore.center,available,54,2%,10,Mathematics,,,
fortyfive.center,available,54,5%,10,Mathematics,,,
achy.center,available,54,3%,4,Healthcare,,,
ternion.center,available,54,3%,7,Mathematics,,,
viii.center,available,54,6%,4,Mathematics,,,
abatable.center,available,54,1%,8,Law,,,
adaxial.center,available,54,2%,7,Science,,,
deuceace.center,available,54,1%,9,Sports,,,
quintuplet.center,available,54,1%,10,"Healthcare,Medicine,Science",,,
achromatic.center,available,54,4%,10,Science,,,
deserted.center,available,54,3%,8,"Hospitality,Real Estate",,,
adductive.center,available,54,0%,9,"Engineering,Mathematics,Science",,,
quatern.center,available,54,2%,7,Mathematics,,,
topnotch.center,resell,54,18%,8,Business,26/04/2025 15:15,26/04/2026 15:15,Domain Science Kutatási Szolgáltató Korlátolt Felelősségű Társaság
vii.center,available,54,13%,3,Mathematics,,,
scratchy.center,available,54,3%,8,Fashion,,,
sise.center,available,54,5%,4,Mathematics,,,
adducent.center,available,54,1%,8,"Engineering,Mathematics,Science",,,
accentual.center,available,54,3%,9,"Arts,Entertainment",,,
quaternion.center,available,54,6%,10,Mathematics,,,
iii.center,available,54,24%,3,Mathematics,,,
adducting.center,available,54,1%,9,"Engineering,Mathematics,Science",,,
abasic.center,available,54,1%,6,Science,,,
twoscore.center,available,54,2%,8,Mathematics,,,
monitory.center,expiring,54,3%,8,"Business,Education,Healthcare",07/09/2024 15:20,07/09/2025 15:20,PDR Ltd. d/b/a PublicDomainRegistry.com
abhorrent.center,available,54,1%,9,Humanities,,,
abducens.center,available,54,1%,8,Medicine,,,
abient.center,available,54,1%,6,Science,,,
unnatural.center,available,54,4%,9,"Medicine,Science",,,
abatic.center,available,54,1%,6,Science,,,
accursed.center,available,54,3%,8,"Entertainment,Media,Religion",,,
actuated.center,available,54,2%,8,"Automotive,Manufacturing,Technology",,,
adpressed.center,available,54,0%,9,"Agriculture,Manufacturing,Retail",,,
abaxial.center,available,54,1%,7,Science,,,
sestet.center,available,53,1%,6,Arts,,,
septet.center,available,53,1%,6,General,,,
lxxi.center,available,52,2%,4,Mathematics,,,
eightyone.center,available,52,3%,10,Mathematics,,,
repulsive.center,available,52,1%,9,Humanities,,,
repugnant.center,available,52,1%,9,Humanities,,,
xcvi.center,available,52,2%,4,Mathematics,,,
xcii.center,available,52,2%,4,Mathematics,,,
lxxxi.center,available,52,1%,5,Mathematics,,,
littlejoe.center,available,52,2%,10,"Entertainment,Media",,,
lxxxii.center,available,52,1%,6,Mathematics,,,
eightytwo.center,available,52,4%,10,Mathematics,,,
lxii.center,available,52,2%,4,Mathematics,,,
xcvii.center,available,52,1%,5,Mathematics,,,
abstruse.center,available,52,5%,8,"Humanities,Mathematics,Science",,,
lxiii.center,available,52,2%,5,Mathematics,,,
lxi.center,available,52,5%,3,Mathematics,,,
xciv.center,available,52,2%,4,Mathematics,,,
sixtysix.center,available,52,5%,9,Mathematics,,,
lxvii.center,available,52,1%,5,Mathematics,,,
abominable.center,available,52,2%,10,"Entertainment,Humanities",,,
lxxvii.center,available,52,2%,6,Mathematics,,,
ablated.center,available,52,1%,7,Science,,,
lxxiii.center,available,52,2%,6,Mathematics,,,
ninetytwo.center,available,52,4%,10,Mathematics,,,
lxxiv.center,available,52,1%,5,Mathematics,,,
odious.center,available,52,2%,6,"Entertainment,Humanities",,,
lxxxiv.center,available,52,1%,6,Mathematics,,,
lxvi.center,available,52,3%,4,Mathematics,,,
lxiv.center,available,52,3%,4,Mathematics,,,
sixtyfour.center,available,52,4%,10,Mathematics,,,
aboulic.center,available,52,1%,7,Medicine,,,
lxxvi.center,available,52,1%,5,Mathematics,,,
lxxii.center,available,52,1%,5,Mathematics,,,
ixc.center,available,52,5%,3,Mathematics,,,
xci.center,available,52,4%,3,Mathematics,,,
abusive.center,available,52,3%,7,"Healthcare,Law",,,
lxxv.center,available,52,2%,4,Mathematics,,,
lxxxv.center,available,52,1%,5,Mathematics,,,
adenoidal.center,available,52,1%,9,"Health and Fitness,Medicine,Science",,,
abysmal.center,available,52,4%,7,"Arts,Entertainment,Media",,,
ninetyone.center,available,52,5%,10,Mathematics,,,
tierce.center,available,52,3%,6,General,,,
lxxxiii.center,available,52,1%,7,Mathematics,,,
lxv.center,available,52,5%,3,Mathematics,,,
sixtytwo.center,available,52,3%,9,Mathematics,,,
sixtyfive.center,available,52,3%,10,Mathematics,,,
ixl.center,available,52,9%,3,Mathematics,,,
xciii.center,available,52,1%,5,Mathematics,,,
lxxxvii.center,available,52,1%,7,Mathematics,,,
decumbent.center,available,52,1%,9,"Healthcare,Medicine,Science",,,
lxxxvi.center,available,52,1%,6,Mathematics,,,
chagrined.center,available,52,1%,9,Humanities,,,
detestable.center,available,52,1%,10,Humanities,,,
xcv.center,available,52,7%,3,Mathematics,,,
lxviii.center,available,52,2%,6,Mathematics,,,
ninetysix.center,available,52,4%,10,Mathematics,,,
uphill.center,available,52,7%,6,"Sports,Transportation,Travel",,,
xcviii.center,available,52,1%,6,Mathematics,,,
acerbic.center,available,50,2%,7,"Arts,Humanities,Media",,,
broached.center,available,50,0%,8,Food and Beverage,,,
abdicable.center,available,50,0%,9,Law,,,
abomasal.center,available,50,0%,8,Agriculture,,,
abbatial.center,available,50,0%,8,Religion,,,
abducting.center,available,50,0%,9,Medicine,,,
cinque.center,available,50,7%,6,Mathematics,,,
adactylous.center,available,50,0%,10,Science,,,
spinous.center,available,50,1%,7,"Agriculture,Science",,,
scummy.center,available,50,1%,6,Humanities,,,
trine.center,available,50,11%,5,"General,Religion",,,
gillless.center,available,50,0%,9,Science,,,
acapnotic.center,available,50,0%,9,"Healthcare,Medicine,Science",,,
acetous.center,available,50,1%,7,Science,,,
acapnic.center,available,50,0%,7,"Healthcare,Medicine,Science",,,
acerb.center,available,50,2%,5,Science,,,
acquitted.center,available,50,1%,9,Law,,,
acaudal.center,available,50,1%,7,"Agriculture,Science",,,
aculeated.center,available,50,0%,9,"Engineering,Medicine,Science",,,
aborticide.center,available,50,0%,10,Medicine,,,
lxx.center,available,50,5%,3,Mathematics,,,
needlelike.center,available,50,0%,10,"Engineering,Medicine,Science",,,
vinegary.center,available,50,1%,8,Food and Beverage,,,
abactinal.center,available,50,0%,9,Science,,,
acerose.center,available,50,1%,7,Science,,,
acellular.center,available,50,1%,9,Science,,,
adhominem.center,available,50,2%,10,"Humanities,Law,Politics",,,
triplet.center,available,50,8%,7,Science,,,
acetose.center,available,50,1%,7,Science,,,
abranchial.center,available,50,0%,10,Science,,,
ogdoad.center,available,50,1%,6,Mathematics,,,
execrable.center,available,48,0%,9,"Entertainment,Humanities",,,
ilxx.center,available,48,1%,4,Mathematics,,,
ilxxx.center,available,48,1%,5,Mathematics,,,
notguilty.center,available,48,5%,10,Law,,,
abyssal.center,available,48,12%,7,"Arts,Entertainment,Media",,,
lxxxviii.center,available,48,1%,8,Mathematics,,,
apriori.center,available,48,13%,8,Mathematics,,,
abstracted.center,available,48,5%,10,"Arts,Humanities,Science",,,
vinegarish.center,available,46,1%,10,Food and Beverage,,,
achenial.center,available,46,1%,8,Science,,,
stemless.center,available,46,2%,8,"Agriculture,Science",,,
stripling.center,available,46,2%,9,"Education,Entertainment,Healthcare",,,
acaudate.center,available,46,1%,8,"Agriculture,Science",,,
acanthotic.center,available,46,0%,10,"Agriculture,Science",,,
acarpous.center,available,46,0%,8,"Agriculture,Science",,,
achromic.center,available,46,2%,8,Science,,,
theabsurd.center,available,46,1%,10,"Arts,Entertainment,Media",,,
acetylic.center,available,46,1%,8,Science,,,
acetylenic.center,available,46,1%,10,Science,,,
cotyloid.center,available,46,1%,8,Science,,,
acanthoid.center,available,46,1%,9,"Agriculture,Science",,,
acarpelous.center,available,46,0%,10,"Agriculture,Science",,,
acetonic.center,available,46,1%,8,Science,,,
acephalous.center,available,46,1%,10,Science,,,
acicular.center,available,46,2%,8,Science,,,
acanthous.center,available,46,0%,9,"Agriculture,Science",,,
acheronian.center,available,46,1%,10,Humanities,,,
acetabular.center,available,46,1%,10,Science,,,
achromous.center,available,46,1%,9,Science,,,
acapnial.center,available,46,0%,8,"Healthcare,Medicine,Science",,,
quaternary.center,available,46,3%,10,Mathematics,,,
acherontic.center,available,44,1%,10,Humanities,,,
accusatory.center,available,44,1%,10,Law,,,
cotyloidal.center,available,44,1%,10,Science,,,
phoebe.center,available,41,14%,6,Science,,,
abscessed.center,available,41,0%,9,Healthcare,,,
accusive.center,available,40,1%,8,Law,,,
scurrilous.center,available,40,1%,10,"Entertainment,Media,Politics",,,
accurst.center,available,40,1%,7,Religion,,,